Name,Category,Price,InStock,Description
Apple iPhone 16 Pro 256GB,Smartphones,4999,14,Screen 6.3 Super Retina XDR A18 Pro 48MP official importer warranty 24 months
Samsung Galaxy S25 Ultra 512GB,Smartphones,5299,9,Snapdragon 8 Elite 6.8 AMOLED S-Pen 200MP official importer warranty 24 months
Apple MacBook Pro 14 M4 512GB,Laptops,7899,6,Apple M4 chip Liquid Retina XDR 24h battery life official importer warranty 12 months
Dell XPS 15 9530 Core i7 32GB 1TB,Laptops,8490,4,OLED 3.5K touch RTX 4060 3 years Dell on-site warranty
Apple iPad Pro 11 M4 256GB WiFi,Tablets,4390,8,Ultra Retina XDR 5.3mm thin official importer warranty 12 months
Sony WH-1000XM5 Noise Cancelling,Audio,1249,22,Industry leading noise cancelling 30h battery official importer warranty
Apple AirPods Pro 2 USB-C,Audio,949,35,H2 chip 2x active noise cancelling MagSafe case official importer warranty
Garmin Fenix 8 AMOLED 47mm,Wearables,4399,5,Premium GPS outdoor smartwatch AMOLED 16 days battery 2 years Ronlight warranty
Sony PlayStation 5 Pro 2TB SSD,Gaming,3349,7,PSSR AI upscaling up to 120Hz 2 years official warranty
TP-Link Archer BE800 Wi-Fi 7,Networking,2190,11,Wi-Fi 7 tri-band up to 19Gbps dual 10G ports 3 years warranty
Anker Prime 67W GaN Charger,Accessories,249,48,GaN 3-port compact fast charger for laptop and phone
Aqara Camera Hub G3 2K,Smart Home,499,16,AI gesture recognition Apple HomeKit Secure Video 2K 360 rotation
